CarType,Year,Color,Miles
SUV,1992,Cream,128141
Sedan,2012,Black,1251
Convertible,1996,Red,114664
Hatchback,1993,Cream,93833
Sedan,2015,Red,149620
Sedan,2020,Black,155699
Hatchback,1999,Red,207643
Sedan,2021,Red,228990
Coupe,1998,Blue,102739
Coupe,1984,Black,199142
Sedan,1993,Black,14472
Sedan,2018,White,198224
SUV,2016,Red,197945
Coupe,1996,Cream,126087
Coupe,1986,White,88463
Sedan,2009,Red,61066
Coupe,2019,Cream,220373
Hatchback,1986,White,133947
Sedan,2020,Black,239257
Sedan,2003,White,200098
Sedan,2011,Red,195247
Coupe,2010,Red,143070
Sedan,2013,Yellow,111934
Sedan,2023,Red,128498
Sedan,2022,Red,132812
Sedan,1991,Blue,74275
Convertible,1974,Yellow,103733
Hatchback,2002,Red,186930
Hatchback,1988,Black,178827
Hatchback,2017,Red,208577
Sedan,2023,Red,192306
Sedan,1981,Black,2786
Sedan,2005,Black,143808
Sedan,1999,White,49891
Sedan,2013,Cream,94394
Sedan,2000,Blue,53967
Sedan,2019,Yellow,1241
SUV,2011,Red,205376
Sedan,1983,Cream,167867
Hatchback,2011,Cream,48053
Truck,1982,Cream,13304
Sedan,1980,Red,64707
Truck,1988,Yellow,37797
SUV,2018,Yellow,46946
Hatchback,2017,Black,213209
SUV,1979,Blue,106440
SUV,1978,Red,121404
Convertible,1976,Blue,183857
Convertible,1997,Red,115309
Sedan,2006,Black,24899
Coupe,1984,Black,20635
SUV,2008,Red,117026
SUV,1988,Black,68580
Convertible,2007,Black,18205
Sedan,1976,Black,195344
Truck,1993,Cream,3574
Hatchback,2010,Cream,137636
Convertible,1994,Blue,144049
Sedan,1988,White,197022
SUV,2020,Red,149716
Convertible,1980,Blue,239848
Convertible,2006,Red,219853
Convertible,2018,Red,64263
Truck,1999,Red,160496
Convertible,2013,Black,159672
Hatchback,1979,Red,138241
Coupe,2005,Yellow,172399
Convertible,2006,Yellow,180028
Hatchback,2019,White,231116
Truck,1978,Yellow,110728
SUV,2001,White,51169
Hatchback,2016,Black,9707
SUV,2017,Red,122363
Sedan,1978,Yellow,148181
Convertible,1987,Yellow,224780
Coupe,2017,White,182328
Hatchback,2021,Yellow,25974
Coupe,2012,Yellow,229191
Sedan,2016,White,151136
Hatchback,2019,Yellow,242170
Hatchback,1993,Yellow,1045
Sedan,2008,Black,201280
Hatchback,2003,Red,2243
SUV,1995,Red,121346
Hatchback,1994,White,132956
Hatchback,1986,Cream,154658
Sedan,1975,Cream,199291
Coupe,2018,Black,174818
Truck,1982,White,245217
Hatchback,1989,Yellow,225573
Convertible,1974,Black,83312
Sedan,2006,Cream,202596
Sedan,2009,Blue,241174
Convertible,1984,White,105789
Convertible,1985,Blue,145705
SUV,1979,Red,183084
Sedan,1989,White,222186
Truck,2018,Yellow,179014
Coupe,2005,Blue,138275
Coupe,2012,Red,9249
Coupe,1991,White,23556
Sedan,1988,White,47152
Sedan,1977,Red,24505
Hatchback,1999,Blue,238987
SUV,2015,Yellow,176505
Hatchback,1989,Black,30497
Convertible,1995,Cream,3278
Sedan,2017,Red,113358
Convertible,2003,Red,199910
SUV,2007,Red,116748
Sedan,2023,Red,55419
Sedan,1998,Yellow,92209
Convertible,1976,White,68578
Hatchback,1977,Blue,55779
Sedan,2001,Black,180783
SUV,2022,Blue,173294
Truck,1974,Red,172744
Sedan,1985,Yellow,187299
Convertible,2003,Yellow,239419
Sedan,2018,Cream,56180
SUV,1995,Yellow,204565
Truck,1992,Cream,160887
SUV,2008,Cream,227244
Hatchback,2007,Cream,205662
Sedan,1998,Red,172938
SUV,2004,Blue,48278
Coupe,1998,Red,111168
Hatchback,2013,Red,62420
Truck,1982,Black,194995
Hatchback,1999,Yellow,94669
SUV,2021,Cream,192467
SUV,2021,Yellow,193775
Truck,1994,Blue,128396
SUV,1974,Cream,71484
Sedan,1999,Blue,236146
Truck,1992,Red,69897
Sedan,2005,Yellow,129864
SUV,1992,Black,214362
Sedan,1995,Red,71468
Sedan,1993,White,95074
Coupe,1975,Cream,167248
SUV,1976,Black,72747
Hatchback,1992,Black,14797
Coupe,2011,Blue,242648
Sedan,2005,Red,207142
Sedan,1989,Cream,90413
Hatchback,2006,Blue,107315
Hatchback,2018,Red,35471
Coupe,1992,Red,218760
Coupe,1978,Red,182126
Convertible,1987,Red,230795
Coupe,2010,White,157577
Coupe,2007,White,227988
Truck,1976,Cream,38442
SUV,2012,Red,107047
Hatchback,1990,Blue,2392
Hatchback,2015,Red,74768
Hatchback,1985,White,59898
Sedan,2021,Black,131373
Sedan,1999,Black,79833
Coupe,2011,Cream,120800
Sedan,1992,Cream,66448
Truck,1981,Yellow,208357
Sedan,2004,Yellow,124983
Truck,2014,Red,197897
Convertible,1994,Red,121031
SUV,2008,Cream,27297
Sedan,2022,Black,194116
Sedan,2006,White,181150
Coupe,2017,White,98931
Sedan,2012,Yellow,184283
Coupe,1974,Cream,52776
Convertible,1980,White,240302
Convertible,1993,Red,56141
Convertible,2010,Blue,149396
Sedan,2015,Black,153551
Coupe,2014,Cream,215836
Truck,2010,Red,190499
Sedan,2012,Blue,49011
Sedan,2017,Cream,96707
Convertible,2022,White,185063
SUV,2005,Yellow,135306
Truck,2008,Yellow,224825
Sedan,2012,Yellow,158753
Sedan,1997,Red,178358
SUV,2013,Cream,242600
Truck,2003,Red,176176
Sedan,1983,Red,218580
Coupe,1993,Blue,22356
Sedan,2020,Red,83298
Truck,1983,Red,210136
Truck,1981,Blue,30206
Coupe,1981,Black,182980
Sedan,1976,Black,108824
Sedan,2009,Red,118487
Sedan,1996,Black,82764
SUV,1978,Yellow,73207
Convertible,1988,Cream,38134
Convertible,1996,Blue,118794
Hatchback,2001,Blue,135655
Sedan,1989,Yellow,85040
Sedan,1975,White,153445
Hatchback,1988,Yellow,15275
Sedan,2023,Blue,231300
Coupe,1984,Red,123550
Convertible,2016,Cream,30593
Hatchback,1974,Cream,180663
Sedan,1989,Blue,185532
Sedan,1985,Red,15254
Sedan,1989,Red,149218
Sedan,1978,Cream,660
Coupe,1991,Cream,196506
Coupe,1990,Cream,80586
Convertible,1999,Blue,122444
Sedan,2017,Yellow,120879
Sedan,1980,Black,233730
Hatchback,2013,Black,180387
Hatchback,1988,Red,2555
Convertible,2010,Blue,74928
Sedan,2000,Cream,86769
Coupe,2001,Cream,14260
Sedan,2006,Black,140470
SUV,2001,White,45649
Truck,1978,Red,171138
Convertible,2012,Blue,92394
Convertible,2000,Cream,193246
Coupe,1986,Red,151709
Hatchback,1997,Red,134790
Sedan,1980,Cream,46449
Coupe,1984,White,144038
Truck,1998,Blue,97658
SUV,2004,Black,74741
Sedan,2007,Cream,189217
Coupe,2021,White,141902
Convertible,1976,Red,68364
Truck,2019,Cream,44399
Hatchback,1973,Yellow,200095
Sedan,2003,Red,188570
Sedan,1989,Cream,142995
Truck,1990,Blue,99369
Sedan,2001,White,234400
Sedan,2009,Yellow,241485
Convertible,1997,Black,221700
SUV,1980,Black,99141
Truck,1999,Black,220760
Sedan,1977,Cream,197853
Truck,2009,Red,102980
Truck,2010,Red,150190
Convertible,2013,Yellow,7429
Coupe,2002,White,216786
SUV,1993,Black,192422
Sedan,1976,White,220247
Sedan,1985,Black,183531
SUV,2008,Red,56847
Sedan,1987,White,192804
SUV,1987,Blue,22439
SUV,1997,Blue,98892
Sedan,2013,Red,147995
Truck,2001,White,94690
Hatchback,2002,Red,110609
Hatchback,2000,Black,172115
Sedan,2007,Red,38387
Coupe,2018,Black,204139
Hatchback,1973,Cream,172248
SUV,2003,Cream,170933
Convertible,2001,White,122102
Hatchback,1980,White,164396
SUV,1993,Red,173558
Sedan,1973,Cream,168456
SUV,1990,Red,25789
Coupe,2006,Cream,220657
Hatchback,2011,Black,154817
Sedan,1975,Cream,22076
SUV,2018,Cream,23444
Convertible,2013,White,22669
Truck,2002,White,93048
Sedan,1995,Black,239601
Sedan,1994,Blue,93715
Hatchback,2015,Yellow,226715
Sedan,2020,Red,143227
Coupe,1985,Blue,143455
Sedan,2012,Blue,152202
Coupe,2015,Blue,227994
Sedan,1975,Black,212422
Convertible,2016,Black,159567
SUV,1977,Yellow,160461
Hatchback,2009,Red,249293
Truck,1994,Red,214948
Truck,2004,White,3402
SUV,1998,White,56872
Sedan,1990,Yellow,3541
Truck,2014,Blue,25860
SUV,2017,Red,153867
Sedan,2007,Yellow,98272
Coupe,2012,Cream,68276
Coupe,2009,Cream,43804
Sedan,1990,Red,23579
Hatchback,2018,Red,144801
Hatchback,1980,Red,53008
Truck,1982,Cream,17723
Hatchback,2018,Red,204319
Truck,2023,White,165085
SUV,1997,Yellow,34231
Convertible,2007,Red,209992
SUV,2008,White,34043
Sedan,2016,Cream,106459
Truck,1992,Black,102127
Convertible,2007,Red,64683
Sedan,1985,Yellow,176052
Hatchback,1995,Red,119346
Sedan,1995,Black,205689
Truck,2012,Blue,115082
Truck,1993,Blue,69502
Truck,2020,Blue,168251
Convertible,2006,Black,203282
Sedan,2022,Yellow,11156
Convertible,2008,Red,29743
Coupe,1975,Red,106382
Convertible,1993,Black,42874
Coupe,2005,Black,15081
SUV,2019,Cream,244272
Sedan,2002,Yellow,58705
SUV,2011,White,15793
Truck,2019,Blue,206605
Hatchback,2009,White,231334
Sedan,1998,Red,127498
Sedan,1992,Black,196470
Convertible,1989,White,109172
Convertible,1987,White,93718
Convertible,2009,Yellow,152980
Sedan,2023,Blue,99311
Sedan,1985,White,67055
Sedan,1992,Black,197098
Truck,1992,Blue,155910
SUV,2002,Cream,177653
Hatchback,2012,White,120641
Sedan,1975,Black,19345
Hatchback,2007,Red,206610
SUV,1994,Blue,58160
Convertible,2010,Red,223207
Truck,2013,Red,110782
Sedan,1976,Red,85412
Sedan,1986,White,23386
SUV,1973,Black,233952
Truck,1994,Red,150477
Sedan,2008,Blue,41352
SUV,2015,White,23625
Hatchback,1979,Blue,242638
Convertible,2011,Red,26096
Sedan,2018,Yellow,125762
Coupe,2010,White,192771
Convertible,1979,Cream,24000
Sedan,1988,Yellow,184296
Sedan,2020,Black,71441
Hatchback,2010,Red,86964
Sedan,1975,Black,238480
Truck,2000,Red,91860
Convertible,1981,Yellow,5851
SUV,2021,Cream,58400
Coupe,2014,Red,141179
Coupe,2022,Red,92593
Convertible,1981,Red,56291
Sedan,1992,White,195631
Convertible,1997,Yellow,202430
Coupe,2005,Yellow,36973
Coupe,2011,Black,198433
Truck,2015,Cream,4655
Truck,2012,Black,214245
SUV,2000,Cream,132289
SUV,1984,Blue,243502
Sedan,1987,Yellow,225300
Hatchback,1997,Yellow,174343
Hatchback,1996,Red,3099
Sedan,1994,Yellow,3086
Truck,1998,Cream,94910
Hatchback,1990,Yellow,233489
Convertible,1986,Red,71839
Coupe,1989,Black,213949
SUV,1974,Cream,114865
Hatchback,2014,Red,235928
Sedan,1985,Black,137182
Coupe,1986,Red,175105
Coupe,1982,White,46346
Hatchback,1985,Yellow,226529
Truck,1990,Red,172113
Sedan,2001,Blue,191423
Sedan,1992,Red,202184
Coupe,2015,White,140910
Coupe,1997,Red,132012
Convertible,1986,Cream,163207
Sedan,1998,Red,248764
Truck,2003,Red,65212
Sedan,1990,Red,232932
Convertible,1988,Black,104809
SUV,1980,Cream,223137
Convertible,1992,Red,144596
Hatchback,1983,Red,176282
Coupe,1975,Yellow,17869
Sedan,1986,Black,65466
Convertible,2008,White,164341
Sedan,2023,White,193955
SUV,2011,Black,40000
Convertible,1999,Red,136149
Sedan,1987,Black,19772
SUV,1976,Red,227408
Convertible,2019,Black,8258
SUV,2023,Black,3548
SUV,2022,Blue,186784
Hatchback,2001,Blue,201459
Sedan,1993,Blue,193769
Convertible,2022,Black,35197
Hatchback,2020,Cream,22011
Sedan,2015,Yellow,69700
Truck,2012,Red,85539
Sedan,1983,Cream,241088
Sedan,1981,Black,190884
Hatchback,2007,Red,79238
SUV,1980,Black,142539
Hatchback,2014,Red,188169
Sedan,1977,Black,16383
Truck,2017,Cream,244609
Convertible,1994,Red,178907
Convertible,1989,Yellow,223845
SUV,1983,Red,208265
Coupe,2013,Red,215510
Coupe,1992,Yellow,113707
Hatchback,2006,Red,188640
Sedan,2002,Blue,153329
Hatchback,1989,Red,241378
Hatchback,2022,Yellow,138461
Coupe,2014,Cream,93943
Sedan,1994,Yellow,239566
Sedan,1992,Black,54052
Sedan,1977,Cream,171042
Sedan,2004,Blue,208066
Truck,1981,White,81225
Truck,1985,Blue,135177
Truck,2017,Cream,210926
Coupe,1992,Black,37812
SUV,1987,White,55871
Hatchback,1996,White,101128
Coupe,1997,White,203101
Hatchback,1993,Black,186806
Hatchback,1981,Yellow,8008
Coupe,1982,Blue,235064
SUV,1978,Blue,61854
Truck,1983,White,216109
Sedan,1975,Cream,192436
Convertible,2013,Blue,61571
Truck,2013,Cream,100675
Truck,2007,Yellow,224735
Convertible,2020,Yellow,24544
Sedan,1975,Black,155062
Sedan,1977,Black,55744
Coupe,2014,Yellow,213260
Convertible,1995,Red,173263
Hatchback,1993,White,16185
Hatchback,1995,Blue,37120
Hatchback,1984,Black,161277
Hatchback,1973,Cream,151759
Convertible,1990,Blue,169431
Convertible,2004,White,182981
Convertible,1985,Red,168744
Sedan,1993,Yellow,103158
Sedan,1990,Red,202782
Convertible,2009,Red,87957
Coupe,1973,Blue,105023
Convertible,1976,White,249872
Coupe,1991,Black,91397
Convertible,1983,White,194230
Coupe,2017,Yellow,52708
Sedan,2023,Red,240652
Coupe,1978,Blue,113476
Sedan,2009,Cream,177834
Hatchback,2018,Blue,27483
SUV,1976,Blue,76557
SUV,1984,Red,236549
SUV,2009,Blue,6949
Convertible,1990,Red,98955
Coupe,1979,Red,13203
Coupe,2023,Red,146316
Sedan,2002,Black,42516
Truck,2018,Red,231596
SUV,1990,Red,6523
Coupe,2010,Red,208406
Sedan,2001,White,244528
Sedan,1993,Red,81811
SUV,2023,Red,13277
Sedan,1995,Black,197295
Hatchback,2017,Red,17653
Sedan,2021,Black,184256
Sedan,1982,Cream,225414
Sedan,2005,Red,244879
SUV,1982,White,146712
Sedan,1978,Cream,357
Hatchback,2011,Blue,62000
Truck,1997,White,157054
Sedan,1995,Blue,17747
Convertible,1992,Red,224175
Convertible,2020,Black,210416
Convertible,1994,Yellow,11611
Truck,2000,Red,163727
Sedan,2001,Cream,206891
Sedan,2013,White,178277
Truck,1973,Black,73597
Convertible,2021,Cream,42016
Convertible,2014,Blue,182492
Sedan,2011,Yellow,109800
Truck,1979,Red,30453
Convertible,1994,Black,196045
Hatchback,2023,White,117347
Truck,1993,Cream,190895
Coupe,2013,Cream,43371
Sedan,1983,White,245167
SUV,1979,Black,104931
Coupe,1998,Yellow,159153
Sedan,2022,White,55983
Sedan,2009,Red,217941
Convertible,1993,Red,66060
Coupe,1975,Black,205625
Convertible,2009,Red,44451
SUV,2006,White,135416
Truck,1980,Red,161652
Sedan,2005,Blue,171718
SUV,1973,Black,61638
SUV,1974,Yellow,221897
Sedan,2002,Red,67903
Sedan,2016,Blue,40710
Convertible,2011,White,97865
Convertible,1978,Red,112355
Coupe,2005,Red,132542
SUV,2015,Blue,90370
Sedan,2015,Blue,198253
Hatchback,1992,White,146550
Coupe,2020,Blue,249114
Sedan,1995,Blue,17364
Coupe,2016,Yellow,20674
Truck,1997,Cream,56666
Sedan,1981,Black,156189
SUV,1999,Red,63825
Truck,2004,Cream,163250
SUV,1976,Red,100545
Sedan,1976,Yellow,85740
Truck,2013,White,143239
Coupe,1986,Cream,157422
Coupe,2007,Black,85078
Sedan,1984,Blue,229477
Truck,2008,Yellow,234122
Convertible,1974,Yellow,142012
Sedan,1976,Cream,69934
Sedan,2021,Black,161123
Sedan,1998,Yellow,26191
SUV,2021,Red,153461
Hatchback,1999,Red,32352
Sedan,2010,Yellow,144864
Sedan,1981,Yellow,73861
Hatchback,1999,White,234143
Truck,1992,Red,46771
Coupe,1989,Cream,180524
Hatchback,1981,Cream,131151
Truck,1998,Yellow,31468
Hatchback,2000,Cream,172759
SUV,1983,Blue,153928
Truck,1979,Black,184154
Sedan,1973,Black,127674
SUV,2010,Blue,65844
Sedan,2011,Yellow,179971
Sedan,2023,Yellow,67154
Convertible,1998,Cream,59841
Truck,2000,Black,94329
Truck,1997,Red,168946
Sedan,2023,Black,17593
Sedan,1996,Black,233210
Hatchback,1980,Black,112721
Sedan,1998,Red,242254
Coupe,1983,Black,92196
Convertible,1997,Red,124396
Coupe,2021,Blue,62603
Hatchback,1998,Black,89803
Hatchback,2004,Cream,162303
Convertible,1983,Red,115329
Coupe,1973,Red,164997
Sedan,2016,White,82300
Hatchback,1975,Cream,223653
Truck,2008,Yellow,216777
Truck,2022,Red,186225
Sedan,1977,Red,144585
Convertible,1973,Red,75360
SUV,2019,White,59674
Sedan,1995,Red,129784
Sedan,2020,Blue,39362
Hatchback,2003,Blue,66523
Convertible,1979,White,76399
Hatchback,1995,Black,98129
Truck,1973,Black,55604
Convertible,2005,Black,27530
Convertible,1977,Cream,136832
Sedan,2009,White,14755
Truck,1992,White,138697
Sedan,2015,White,196781
Truck,1989,Blue,23920
Sedan,2003,Yellow,138121
Convertible,1984,Black,243480
Truck,2010,Black,172554
Hatchback,1986,Yellow,151912
Sedan,2022,Red,69689
SUV,1999,Yellow,210284
Coupe,1984,Blue,238175
Hatchback,1992,White,173315
Sedan,1975,Red,175754
Convertible,2005,Cream,82292
Convertible,2022,Yellow,27851
Convertible,1990,Yellow,166305
SUV,1989,Cream,137192
Hatchback,1973,White,101991
Hatchback,1990,Yellow,193681
Coupe,2010,Cream,110413
SUV,2023,White,135291
Truck,1999,Red,67489
Hatchback,2018,Red,178979
Convertible,2000,Cream,79748
Hatchback,1998,White,198978
Convertible,2013,Cream,174247
Sedan,1995,Black,220405
Sedan,2005,Yellow,175103
Sedan,1987,White,185334
SUV,2013,Black,84760
Hatchback,2008,White,171601
Sedan,2016,Red,184804
Hatchback,1984,Red,180642
Sedan,1982,Red,64911
Convertible,2017,Red,9479
Truck,1976,Cream,209996
SUV,1990,Black,230880
Hatchback,1984,Red,192006
Hatchback,1995,Red,151571
Convertible,2018,Yellow,206219
Hatchback,2011,Red,177624
Truck,2005,Black,160258
Convertible,1984,White,209182
Hatchback,2004,Red,62983
Convertible,2005,White,169811
Sedan,2007,Cream,176876
SUV,2002,Cream,17360
Coupe,2003,Blue,63297
Sedan,2020,Red,164720
Sedan,1987,Blue,86148
Sedan,1979,Red,178105
Sedan,2019,Yellow,130514
Convertible,1982,Black,126992
SUV,2000,White,177860
Sedan,1984,Red,46232
Sedan,1981,Yellow,191982
Coupe,1979,Red,176092
Truck,1999,Red,130372
Convertible,1985,Cream,156260
Truck,1998,Black,55563
Truck,2007,Red,152919
Sedan,2002,Yellow,230597
Truck,1992,Black,7236
Truck,2009,Red,189694
Hatchback,1979,Black,169517
Truck,2023,Red,185187
Convertible,1986,Red,41752
Truck,1988,Yellow,216325
Sedan,1997,Cream,49614
Sedan,1996,Yellow,202572
SUV,1976,White,148193
Coupe,2020,Cream,44844
Hatchback,2016,White,111144
Coupe,1998,White,21253
Coupe,2003,White,185157
Coupe,1975,White,43615
Sedan,2016,Red,36370
Hatchback,1990,Yellow,153605
Sedan,1975,Red,194424
Coupe,2017,White,14511
Convertible,1975,Red,118611
SUV,2016,Red,106133
Sedan,1991,Red,164178
SUV,2003,Red,105213
Hatchback,1998,Cream,142518
Sedan,1991,Red,234382
Coupe,2010,Yellow,21371
Sedan,2020,Yellow,111710
Hatchback,1990,Red,125713
Sedan,1985,Cream,179925
Hatchback,2008,Red,101528
Coupe,1973,Black,18332
Sedan,2016,Red,65320
Sedan,1997,Cream,35716
Truck,1980,Red,14130
Coupe,1997,White,215325
Truck,2015,Cream,5092
Truck,2018,Red,99960
SUV,1991,White,137690
Hatchback,2013,Red,3736
Sedan,2010,Red,129599
Coupe,2002,Black,151030
Hatchback,2018,Yellow,50980
Hatchback,1995,Yellow,40214
Sedan,1987,Cream,87181
Convertible,2012,White,92857
SUV,1986,Black,147011
Truck,1974,Yellow,193748
Coupe,2008,Red,137672
Truck,1993,White,39336
Coupe,2019,Red,98440
Hatchback,1986,Red,54793
Hatchback,1980,Red,37400
Convertible,2011,Black,25632
Coupe,2022,Cream,33852
SUV,2002,Cream,131202
Truck,2005,Yellow,71018
Truck,1985,White,226720
SUV,2005,White,55591
Sedan,2012,White,58677
SUV,2005,Cream,104667
SUV,2005,Red,159008
Sedan,1998,Black,146785
Convertible,2008,Black,72752
Coupe,1989,White,207193
Sedan,1981,White,133161
Coupe,1993,Black,209941
Truck,2015,Cream,182863
Coupe,1993,Red,52988
Hatchback,1982,Black,20109
Truck,1999,Cream,173070
Sedan,2018,Red,157719
Hatchback,2003,Yellow,88472
SUV,2007,Cream,12787
Truck,2013,Red,242436
Truck,1998,Red,49973
Convertible,1996,Cream,89656
Sedan,2000,White,6794
Coupe,2017,White,201066
Sedan,2015,Red,206696
Convertible,2017,Blue,230577
SUV,1977,Black,119820
Hatchback,1986,Cream,69059
Convertible,1993,Blue,57149
Coupe,2017,Red,76286
SUV,2001,Cream,111942
Hatchback,1985,Red,62815
Hatchback,2014,Red,160645
SUV,1996,White,208641
Coupe,2018,Red,187487
Coupe,1983,Blue,6538
Coupe,2008,Black,93952
Truck,2010,Red,136112
Hatchback,1983,Yellow,179256
Truck,2015,Yellow,120071
Sedan,2009,Red,174104
Coupe,2003,Black,232685
Sedan,1982,Cream,82742
Truck,1982,Red,149921
Coupe,2007,Cream,7616
Sedan,2013,Red,145065
Sedan,2013,Red,203632
Convertible,2008,Red,179688
Sedan,1992,Black,124990
SUV,2018,Red,200684
Sedan,2011,Red,149248
Truck,1985,Yellow,48729
Hatchback,1994,Cream,28843
Truck,1989,Blue,193343
SUV,1982,Blue,138668
Sedan,1997,Yellow,78102
Hatchback,1977,Cream,152640
Hatchback,2016,Red,241133
Sedan,1973,Red,75921
Coupe,2017,Blue,170397
Hatchback,2013,Black,69656
Convertible,1992,Blue,80991
Coupe,1993,Red,72989
Coupe,2012,Yellow,219996
Convertible,1975,Black,37630
Sedan,2022,Red,182747
Hatchback,2013,White,203755
SUV,2021,Blue,162293
Sedan,2011,Red,131435
Hatchback,1980,Blue,133755
SUV,1982,Black,139352
SUV,1980,White,60986
Hatchback,1984,Red,185232
Sedan,1986,Red,214357
Sedan,2020,Red,133137
Sedan,1989,White,75604
Sedan,2000,Red,235836
Hatchback,1996,Cream,78460
SUV,2002,Red,17618
Coupe,1999,Blue,44513
Sedan,1994,Yellow,175121
Sedan,1994,Red,121585
Coupe,1977,Cream,119793
Convertible,2003,Red,113456
Convertible,1991,Cream,140486
Truck,2019,Blue,163255
Convertible,2016,Red,44645
SUV,2005,Red,32625
Sedan,1979,White,89908
Convertible,1998,Blue,63494
Truck,1975,White,20653
Sedan,2019,Blue,140190
Convertible,1990,Red,76972
Sedan,1987,Red,62443
Convertible,2017,Cream,244029
SUV,2017,Cream,191542
Coupe,2022,Blue,35206
Hatchback,1997,Blue,1415
Truck,2010,Cream,78799
Hatchback,1986,Yellow,190516
Coupe,2019,Black,74662
Hatchback,1993,Black,1236
Hatchback,2023,Yellow,187235
Sedan,2004,Cream,70081
SUV,2014,Red,113112
Sedan,2005,Blue,142805
Hatchback,2020,White,183510
Sedan,1975,Cream,164424
SUV,2021,Cream,56228
Convertible,2021,Blue,214977
Convertible,1985,Red,249652
SUV,2001,Cream,158959
Truck,2021,Red,37339
Truck,2009,Red,86595
Sedan,1978,Black,168350
Convertible,1978,White,21962
Sedan,1997,Yellow,118775
Truck,1976,White,153804
Sedan,1981,Black,48372
Sedan,2002,Blue,192253
Truck,2015,Red,77063
SUV,2010,Yellow,184256
Sedan,2008,Red,210803
Sedan,1998,White,64007
Sedan,2004,Yellow,37372
SUV,1998,White,245699
Convertible,1990,Yellow,49257
Convertible,2013,Black,55038
SUV,1990,Cream,166774
Sedan,1986,Red,77422
Sedan,2000,Black,169013
Sedan,1977,Blue,212906
Coupe,1997,Black,203603
Truck,1977,Cream,181057
Coupe,2001,Blue,131257
Sedan,1975,Black,57893
Coupe,1988,Red,245656
Convertible,1993,White,525
Hatchback,2017,Blue,94910
Sedan,1980,White,28755
Sedan,1992,Red,161810
SUV,1976,Red,105413
Coupe,2015,Red,194720
SUV,2016,White,167919
Convertible,2000,Yellow,37327
Hatchback,2023,Blue,35518
Sedan,2013,White,60304
Coupe,1979,Black,150732
SUV,2023,Red,230008
SUV,1976,White,133012
Sedan,2015,Black,52370
Truck,1986,White,106640
Sedan,2005,White,234296
SUV,2006,Yellow,56776
Truck,2021,Red,183728
Coupe,1989,White,249583
SUV,2012,White,219081
Hatchback,1980,White,194269
SUV,1993,Blue,113681
Convertible,2019,White,128890
Sedan,2004,Cream,223118
Sedan,2010,Black,177393
Sedan,2002,White,195302
Coupe,2023,White,54230
SUV,1994,Yellow,161230
Sedan,1973,Yellow,204076
Truck,1987,Red,202277
Sedan,1979,White,119276
Sedan,1988,Cream,63446
SUV,2012,Blue,86358
Convertible,2016,Red,127534
Coupe,2004,Yellow,165068
Sedan,2003,Yellow,186594
Sedan,1975,Black,113313
Hatchback,1995,Cream,66959
Sedan,1975,White,19275
SUV,1985,Black,83791
Hatchback,1995,Blue,11826
Truck,1979,Cream,118957
Convertible,1985,Blue,141486
Truck,1973,White,34413
Sedan,1985,White,31781
Truck,1992,Black,149891
Truck,2005,Cream,146749
Sedan,1989,Yellow,230580
Truck,2011,Yellow,125165
SUV,2011,Yellow,243931
Sedan,1996,Black,225851
Hatchback,1997,Red,237307
Sedan,1997,Cream,209393
Sedan,2009,Cream,24622
Truck,2011,Blue,196423
Convertible,1978,Yellow,58858
Truck,2000,Blue,221315
SUV,1977,Yellow,30119
Sedan,2016,White,116657
Hatchback,1988,Blue,90318
SUV,2022,Cream,188556
Coupe,1987,Yellow,215402
Truck,2003,Red,207615
Coupe,1992,White,151487
Convertible,1977,Black,214642
Hatchback,2017,White,76947
Hatchback,2012,Red,28373
Coupe,1997,Red,142275
Convertible,2007,Blue,114698
Truck,2012,Red,11163
SUV,2006,Red,212938
Hatchback,1978,Yellow,55263
Sedan,1989,Red,161691
Truck,2016,Blue,87379
Sedan,2019,White,100335
Truck,2019,Black,147663
Truck,2004,Cream,168108
Truck,1978,Black,186895
Convertible,2010,White,4470
Convertible,1995,Black,169883
SUV,1994,Red,148723
Sedan,1993,Cream,99856
Sedan,2013,Blue,117277
Sedan,2013,White,40809
Convertible,2009,Blue,54136
Coupe,2021,Black,143693
SUV,2013,Black,130209
SUV,1980,Black,204313
SUV,1981,Red,106391
Coupe,1978,Red,8853
Truck,1998,Red,103852
SUV,2007,Cream,45189
Sedan,1982,Blue,214488
Sedan,1974,Cream,181267
Sedan,1987,Red,83981
Coupe,2006,Red,135884
Truck,1999,Yellow,164371
Sedan,1981,Cream,11230
SUV,1993,Cream,31262
Sedan,1977,Blue,5144
Hatchback,1994,Blue,22052
SUV,2021,White,164761
Sedan,1977,Black,200111
Sedan,1996,Black,236780
SUV,1976,Cream,108313
Sedan,1973,White,15212
Coupe,1978,Yellow,197171
Coupe,1986,Cream,203075
Convertible,2005,White,221180
Convertible,1997,Black,148267
SUV,1987,Red,166138
Sedan,2010,Yellow,78322
Convertible,1984,Blue,176044
Hatchback,1989,Blue,50575
Sedan,1986,Red,68073
Sedan,2000,Blue,98586
Sedan,1996,White,152544
Sedan,1980,White,143249
Sedan,1994,Yellow,141111
Coupe,1981,Red,27236
Sedan,2006,Red,6552
SUV,2017,Black,191927
Convertible,2014,Yellow,95427
Sedan,2022,Red,3218
Truck,2003,Yellow,22749
Hatchback,2022,Blue,193414
Coupe,1990,Black,191461
Truck,1976,Red,120525
Truck,1981,Black,53527
SUV,1980,Black,157203
Sedan,1994,Red,218121
Sedan,1993,Blue,27482
Coupe,1975,Red,233475
SUV,2019,Blue,144379
Sedan,1988,Black,82451
SUV,1990,Yellow,206691
Convertible,1998,Red,151083
Sedan,1983,Blue,45123
Convertible,1994,Black,189643
Hatchback,1982,White,212895
Hatchback,1978,White,30881
Convertible,2022,Yellow,144970
Truck,1990,Black,12497
SUV,2021,Cream,240499
Truck,1996,Red,219224
Hatchback,2002,White,72701
Sedan,1975,White,116526
SUV,2009,Yellow,236785
Sedan,2003,Red,139146
Truck,1978,Red,93304
Convertible,2009,Red,152606